dist_id,ac_no,part_no,lat,long
1,1,218,30.0473897,77.7618181
1,1,224,30.0473897,77.7618181
1,1,225,30.0473897,77.7618181
1,1,226,30.0473897,77.7618181
1,1,227,30.0473897,77.7618181
1,1,228,30.0473897,77.7618181
1,1,229,30.0473897,77.7618181
1,1,231,28.6025932,77.3142692
1,1,232,28.6025932,77.3142692
1,1,234,28.6025932,77.3142692
1,1,235,28.6025932,77.3142692
1,1,236,28.6025932,77.3142692
1,1,237,28.6025932,77.3142692
1,1,238,28.6025932,77.3142692
1,1,239,28.6025932,77.3142692
1,1,265,30.0473897,77.7618181
1,1,266,30.0473897,77.7618181
1,1,267,30.0473897,77.7618181
1,1,268,30.0473897,77.7618181
1,1,269,30.0473897,77.7618181
1,1,270,30.0473897,77.7618181
1,1,271,30.0473897,77.7618181
1,1,272,30.0473897,77.7618181
1,1,273,30.0473897,77.7618181
1,1,274,30.0473897,77.7618181
1,1,275,30.0473897,77.7618181
1,1,276,30.0473897,77.7618181
1,1,277,30.0473897,77.7618181
1,1,278,30.0473897,77.7618181
1,1,279,30.0473897,77.7618181
1,1,280,30.0473897,77.7618181
1,1,281,30.0473897,77.7618181
1,1,282,30.0473897,77.7618181
1,1,283,30.0473897,77.7618181
1,1,284,30.0473897,77.7618181
1,1,285,30.0473897,77.7618181
1,1,286,30.0473897,77.7618181
1,1,287,30.0473897,77.7618181
1,1,288,30.0473897,77.7618181
1,1,296,30.0473897,77.7618181
1,1,297,30.0473897,77.7618181
1,1,298,30.0473897,77.7618181
1,1,299,30.0473897,77.7618181
1,1,300,30.0473897,77.7618181
1,1,302,30.0473897,77.7618181
1,1,303,30.0473897,77.7618181
1,1,304,30.0473897,77.7618181
1,1,305,30.0473897,77.7618181
1,1,306,30.0473897,77.7618181
1,1,308,30.0473897,77.7618181
1,1,311,30.0473897,77.7618181
1,1,312,30.0473897,77.7618181
1,1,313,30.0473897,77.7618181
1,1,314,30.0473897,77.7618181
1,1,315,30.0473897,77.7618181
1,1,316,30.0473897,77.7618181
1,1,317,30.07453247294158,77.78086129629928
1,1,318,30.0473897,77.7618181
1,1,319,30.0473897,77.7618181
1,1,320,30.055029743150502,77.76396854648932
1,1,321,30.048068586874546,77.75852991355538
1,1,322,30.048096803849482,77.75842146668636
1,1,323,30.048068586874546,77.75852991355538
1,1,324,30.048005558598053,77.75841012100048
1,4,100,26.8155054,94.2136775
1,4,107,25.4133682,86.1070522
1,4,237,29.977238,77.77858
1,4,238,29.977238,77.77858
1,4,246,29.9546287,77.7555714
1,4,247,29.9546287,77.7555714
1,4,289,29.9201812,77.7314117
1,4,290,29.977238,77.77858
1,4,291,29.900195,77.7385914
1,4,293,29.8935002,77.7393067
1,4,99,26.8103939,94.2311793
1,5,15,29.85929921214157,77.71798533840237
1,5,16,29.844608930747277,77.73126160026753
1,5,168,28.7677226,76.567659
1,5,22,29.81467856621522,77.75611963003216
1,6,78,30.4244779,74.0484979
10,81,180,28.6815875,77.2013711
10,81,19,27.6888966,76.616324
10,81,20,27.6888966,76.616324
10,81,209,27.7371255,77.2425161
10,81,21,27.6888966,76.616324
10,81,210,27.7371255,77.2425161
10,81,23,27.6888966,76.616324
10,81,24,27.6888966,76.616324
10,83,133,27.3815217,77.4947306
10,83,22,28.7281933,77.1613697
10,83,23,28.7281933,77.1613697
10,83,24,27.4250055,77.4140228
10,83,27,27.4765201,77.3877172
10,83,28,28.7345763,77.1629154
10,83,288,27.3227082,77.5567367
10,83,29,28.7280237,77.165867
10,83,30,28.7281933,77.1613697
10,83,31,28.7281933,77.1613697
10,83,32,28.7281933,77.1613697
10,83,33,28.7281933,77.1613697
10,83,39,28.7280237,77.165867
10,83,43,27.4702513,77.4080117
10,85,154,29.298439,75.6471016
10,85,321,30.77788,76.5322405
11,95,249,17.4074236,78.4507807
11,95,283,26.8524385,75.8111202
11,95,292,26.8524385,75.8111202
11,95,321,26.8524385,75.8111202
11,96,303,31.6203215,74.877386
11,98,13,27.1331053,78.4650707
11,99,109,10.5435377,76.1613062
11,99,114,31.5421973,75.2363929
11,99,118,31.5421973,75.2363929
11,99,120,31.5421973,75.2363929
11,99,121,10.5253017,76.1256555
11,99,123,31.5421973,75.2363929
11,99,124,10.5253017,76.1256555
11,99,336,10.5253017,76.1256555
11,99,340,31.5421973,75.2363929
12,108,10,24.2055487,93.9055304
12,108,11,24.2055487,93.9055304
12,108,12,24.2055487,93.9055304
12,108,18,24.2055487,93.9055304
12,108,19,24.2055487,93.9055304
12,108,299,29.7361468,76.9879057
12,108,368,29.7361468,76.9879057
12,108,371,29.7361468,76.9879057
12,108,5,24.2055487,93.9055304
12,108,6,24.2055487,93.9055304
12,108,7,24.2055487,93.9055304
12,108,8,24.2055487,93.9055304
12,108,9,24.2055487,93.9055304
13,103,32,28.5395768,77.2655217
13,103,33,28.5395769,77.2655227
13,103,34,28.5395769,77.2655228
13,103,37,28.5395768,77.2655216
13,103,38,28.5395768,77.2655216
13,103,39,28.5395765,77.2655215
13,103,40,28.5395768,77.2655217
13,103,41,28.5395764,77.2655212
13,103,42,28.5395768,77.2655215
13,103,43,28.5395764,77.2655213
13,103,61,28.5395771,77.2655215
13,103,62,28.5395768,77.2655217
13,103,63,28.5395768,77.2655216
13,103,64,28.5395769,77.2655227
13,103,65,28.5395761,77.265522
13,103,66,28.5395761,77.265522
13,103,71,28.5395761,77.265522
13,103,75,28.5395769,77.2655228
13,103,76,28.5395766,77.2655217
13,103,77,28.5395768,77.2655217
13,103,80,28.5395766,77.2655238
14,78,352,22.433523,70.0993217
14,78,353,22.433523,70.0993217
14,78,355,20.281884,85.8182945
14,78,356,20.2768911,85.8215957
14,78,364,20.281884,85.8182945
14,78,365,20.281884,85.8182945
14,79,224,10.0981767,76.451918
14,79,225,10.0981767,76.451918
14,79,226,10.0981767,76.451918
14,79,228,10.0981767,76.451918
14,79,231,10.0981767,76.451918
14,79,232,10.0981767,76.451918
14,79,233,10.0981767,76.451918
14,79,234,10.0981767,76.451918
14,79,235,10.0981767,76.451918
14,79,301,10.1046584,76.4562048
14,79,303,10.0965598,76.4478457
14,79,304,10.0965598,76.4478457
14,79,305,10.0965598,76.4478457
14,79,306,10.0965598,76.4478457
14,79,307,10.0965598,76.4478457
14,79,343,28.6962796,77.1766587
14,79,344,28.6951511,77.1730721
14,79,346,28.6930318,77.1795168
14,79,347,28.6951511,77.1730721
14,79,348,28.6951511,77.1730721
14,79,350,28.6951511,77.1730721
14,79,353,28.6951511,77.1730721
14,79,354,28.6888138,77.1619327
14,79,355,28.6951511,77.1730721
14,80,121,20.281966,85.8179769
14,80,122,20.281966,85.8179769
14,80,123,20.281966,85.8179769
14,80,124,20.281966,85.8179769
14,80,125,20.281966,85.8179769
14,80,126,20.281966,85.8179769
14,80,128,20.281966,85.8179769
14,80,143,20.281966,85.8179769
14,80,147,20.281966,85.8179769
14,80,313,30.264841,74.8225293
15,118,197,28.8856289,79.5619244
15,118,198,28.8856289,79.5619244
15,118,202,28.8739567,79.5784297
15,118,204,28.8739567,79.5784297
15,118,240,28.8745674,79.5770251
15,118,241,28.8678464,79.6342446
15,118,255,28.873073,79.6552979
15,118,8,28.87069434,79.49436304
15,119,225,29.382477,79.4610716
16,114,227,12.348871,80.0560908
16,114,228,25.2461396,86.9876964
16,114,229,12.348871,80.0560908
16,114,230,12.348871,80.0560908
16,114,231,12.348871,80.0560908
16,114,233,25.2461396,86.9876964
16,114,234,25.2461396,86.9876964
16,114,235,25.2461396,86.9876964
16,114,236,25.2461396,86.9876964
16,114,237,25.2461396,86.9876964
16,114,238,25.2461396,86.9876964
16,114,239,12.348871,80.0560908
16,114,240,25.2461396,86.9876964
16,114,241,12.348871,80.0560908
16,114,341,25.2461396,86.9876964
16,114,342,25.2461396,86.9876964
16,114,343,25.2461396,86.9876964
16,114,344,25.2461396,86.9876964
16,114,345,12.348871,80.0560908
16,114,346,12.348871,80.0560908
16,116,215,25.2461614,86.9877855
16,116,216,26.9245807,75.8212909
16,116,217,26.9245807,75.8212909
16,116,218,26.9245807,75.8212909
16,116,219,26.9245807,75.8212909
16,116,220,26.9245807,75.8212909
16,116,221,26.9245807,75.8212909
16,116,222,26.9245807,75.8212909
16,116,223,26.9245807,75.8212909
16,116,226,22.3185957,86.1488591
16,116,227,16.2887671,80.453997
16,116,228,22.3185957,86.1488591
16,116,229,22.3185957,86.1488591
16,116,230,22.3185957,86.1488591
16,116,231,22.3185957,86.1488591
16,116,232,22.3185957,86.1488591
16,116,233,22.3185957,86.1488591
16,116,234,22.3185957,86.1488591
16,117,205,16.3129523,80.4457608
16,117,357,16.3177955,80.4410845
17,133,258,25.4919828,70.9068227
17,133,306,27.8765696,74.0630388
17,133,307,27.860142,74.0928757
17,133,308,27.8765696,74.0630388
17,133,60,25.4919828,70.9068227
17,134,142,20.322026,85.8343806
17,134,145,20.322026,85.8343806
17,134,146,20.322026,85.8343806
17,134,148,20.322026,85.8343806
17,134,150,20.322026,85.8343806
17,136,22,27.8765696,74.0630388
17,136,24,27.8765696,74.0630388
17,136,64,17.4460188,78.501992
17,136,65,17.4460188,78.501992
17,136,66,17.4460188,78.501992
18,127,14,28.8819241,79.8248721
18,127,17,28.8445363,79.8343304
18,127,21,25.401881,94.0923492
18,127,364,28.822158,79.8897066
18,127,365,28.8183592,79.8885589
18,127,366,28.8183592,79.8885589
18,127,367,28.8115331,79.892156
18,127,368,28.8115331,79.892156
18,128,24,29.2042059,78.9795135
18,128,26,28.8047343,79.8677257
18,128,32,28.7569895,79.9373748
18,129,23,29.3128284,76.2363263
19,25,146,30.0238991,77.1403104
19,25,147,30.0238991,77.1403104
19,25,164,30.0238991,77.1403104
19,26,106,29.2116505,78.9700081
19,26,119,29.2123385,78.9696546
19,26,147,29.2123385,78.9696546
19,26,312,29.1975097,78.9564626
19,26,313,29.1975097,78.9564626
19,26,321,29.1975097,78.9564626
19,26,322,29.1975097,78.9564626
19,26,323,29.1975097,78.9564626
19,26,324,29.1975097,78.9564626
19,26,326,29.1975097,78.9564626
19,26,327,29.1975097,78.9564626
19,26,328,29.1975097,78.9564626
19,26,329,29.1975097,78.9564626
2,12,224,30.6749985,74.729325
2,13,181,29.9337027,78.0880296
2,13,182,29.9337027,78.0880296
2,13,258,29.6893638,77.848314
2,13,271,29.6893638,77.848314
2,13,272,29.6893638,77.848314
2,13,273,29.6893638,77.848314
2,13,274,13.04042,77.5457525
2,13,276,29.7255776,77.8506225
2,13,289,29.5916776,77.9787276
2,14,278,30.0527595,78.2704082
2,14,60,30.1108722,78.3040216
2,14,61,30.1108722,78.3040216
2,14,62,30.1108722,78.3040216
2,14,63,30.1108722,78.3040216
2,14,64,30.1108722,78.3040216
2,14,65,30.1108722,78.3040216
2,14,85,30.1108722,78.3040216
2,14,86,30.1108722,78.3040216
2,14,87,30.1108722,78.3040216
2,14,88,30.1108722,78.3040216
2,15,17,17.4054167,78.5432179
2,15,34,17.3830188,78.5191895
2,15,35,17.3830188,78.5191895
20,34,1,29.1862583,79.0015179
20,34,179,29.7975056,76.9517341
20,34,287,29.8183552,76.9441026
20,34,6,29.1862512,79.001527
20,34,7,29.13886354,79.09416971
20,35,21,29.0258897,79.266786
20,35,23,29.1621464,79.1532658
20,35,71,29.1621464,79.1532658
20,36,102,28.8736827,79.4097241
20,36,103,28.8736827,79.4097241
20,36,104,28.8647708,79.4107795
20,36,12,28.9722451,79.3708082
20,36,13,28.9835146,79.3660914
20,36,14,28.9835146,79.3660914
20,36,15,28.9835146,79.3660914
20,36,16,28.9835146,79.3660914
20,36,17,28.9835146,79.3660914
20,36,18,28.968946,79.3727784
20,36,7,28.9625806,79.2840487
21,17,154,29.7441162,78.4966818
21,17,52,29.9338756,78.0978289
21,17,92,30.286764,78.0011605
21,19,231,29.2766108,78.8314323
21,19,32,29.733794,78.506151
21,19,320,29.325894,79.3678512
21,19,7,29.640319999999996,78.52051166666666
21,19,9,29.8344017,78.6893313
21,21,281,30.8034499,75.0550112
21,21,288,30.8034499,75.0550112
21,21,289,30.8034499,75.0550112
21,21,290,30.8034499,75.0550112
21,21,291,30.8034499,75.0550112
21,21,306,30.8034499,75.0550112
21,21,307,30.8034499,75.0550112
21,21,308,30.8034499,75.0550112
21,21,312,30.8034499,75.0550112
21,22,1,29.6601907,78.0885171
21,22,10,21.760718,72.1186351
21,22,11,29.6601907,78.0885171
21,22,12,29.6601907,78.0885171
21,22,14,21.7609212,72.1177463
21,22,15,21.7609212,72.1177463
21,22,16,21.7609212,72.1177463
21,22,17,21.7609212,72.1177463
21,22,19,21.760718,72.1186351
21,22,21,21.7606527,72.1185937
21,22,23,10.7306661,76.1433824
21,22,5,21.760718,72.1186351
21,22,6,21.760718,72.1186351
21,22,7,21.760718,72.1186351
21,22,8,21.760718,72.1186351
21,22,9,29.6601907,78.0885171
21,23,236,29.8660098,77.8738744
21,23,241,29.8660098,77.8738744
21,23,242,29.8660098,77.8738744
21,23,243,29.8660098,77.8738744
21,23,244,29.8660098,77.8738744
21,23,246,29.8660098,77.8738744
21,23,248,29.8660098,77.8738744
22,39,137,11.8960387,79.8116333
22,40,144,26.3130257,73.0408576
22,40,26,26.3074345,73.0477888
22,40,27,26.3063028,73.0459116
22,40,28,26.3074345,73.0477888
22,40,29,26.3063028,73.0459116
22,40,30,26.3063028,73.0459116
22,40,31,26.3063028,73.0459116
22,40,32,26.3063028,73.0459116
22,40,50,26.3063028,73.0459116
22,41,193,18.5261478,73.8503494
22,42,70,26.7834405,84.5301146
22,42,73,26.7865634,84.5121266
22,42,74,26.7865634,84.5121266
22,42,75,26.7865634,84.5121266
23,209,220,22.5796736,88.3298934
23,209,222,22.5798989,88.3291132
23,209,223,22.5796736,88.3298934
23,214,156,30.3396928,76.3872262
23,214,157,30.3396928,76.3872262
23,214,190,10.3440235,76.2403582
23,215,161,25.1141629,90.5886197
23,215,223,30.0014886,75.3717793
25,199,27,27.2217027,77.5037566
25,199,299,26.6460726,77.6178311
25,199,44,27.2217027,77.5037566
25,199,46,27.2147749,77.5092941
25,199,47,27.2147749,77.5092941
25,199,51,27.2147749,77.5092941
25,199,53,27.2147749,77.5092941
25,199,54,27.2147749,77.5092941
25,200,353,26.6982329,78.8292391
25,200,355,26.646652221679684,78.87222290039063
25,200,357,26.6744096,78.8497658
25,200,363,26.6744096,78.8497658
25,200,368,26.6703991,78.9049542
25,201,102,15.7486238,77.5438262
25,201,104,15.730797,77.5709735
25,201,110,18.5468648,79.401403
25,201,113,10.535988,78.6035333
25,201,136,10.535988,78.6035333
25,201,137,10.535988,78.6035333
25,201,138,10.535988,78.6035333
25,201,380,27.1124675,77.1474152
25,201,382,27.1124675,77.1474152
25,201,383,27.1124675,77.1474152
25,201,391,27.1124675,77.1474152
25,201,394,27.1164369,77.1704474
25,201,409,26.547974999999997,79.01044
25,201,419,27.1124675,77.1474152
25,201,420,27.1124675,77.1474152
25,201,426,27.1124675,77.1474152
25,201,438,27.1124675,77.1474152
25,201,439,27.1124675,77.1474152
25,201,52,15.730797,77.5709735
25,201,54,10.5524739,78.581319
25,201,55,15.730797,77.5709735
25,201,57,22.4074082,82.6649563
25,201,72,22.4135636,82.6681231
25,201,73,22.4135636,82.6681231
25,201,88,22.4074082,82.6649563
25,201,94,15.7486238,77.5438262
25,201,95,26.2808416,73.0352262
25,201,96,22.4135636,82.6681231
25,201,98,22.4074082,82.6649563
27,196,13,22.9273239,72.4450136
27,196,14,22.9273239,72.4450136
27,196,18,22.9273239,72.4450136
27,197,46,28.5726166,77.1469805
27,198,349,27.0077694,84.8874944
27,198,356,27.0077694,84.8874944
27,198,371,27.0077694,84.8874944
27,198,45,24.0609055,73.476142
27,198,48,24.0609055,73.476142
27,198,72,26.1105407,91.7704552
27,198,85,26.1105407,91.7704552
27,198,86,23.8460574,73.712561
27,198,91,23.8460574,73.712561
27,198,96,23.8460574,73.712561
27,198,97,23.8460574,73.712561
29,254,306,26.1132935,87.4718557
29,254,307,26.1132935,87.4718557
29,254,316,17.498738,78.4184889
29,254,317,17.498738,78.4184889
29,254,337,26.9667878,94.6622558
29,254,339,26.9785207,94.6692535
29,254,341,26.9671841,94.6308168
29,254,342,26.9770783,94.6733024
29,254,349,26.9667878,94.6622558
29,260,64,28.6126082,77.161277
29,260,65,28.6042762,77.0735614
29,260,66,28.6126082,77.161277
29,260,67,28.6126082,77.161277
29,260,68,25.2008417,85.5356012
29,260,75,25.2008417,85.5356012
29,260,92,25.2072153,85.5344916
29,261,154,30.307266,78.0221302
29,261,155,30.307266,78.0221302
29,263,10,24.567303,80.8283575
29,263,14,24.567303,80.8283575
29,263,15,24.567303,80.8283575
29,263,16,24.567303,80.8283575
29,263,2,28.6845777,77.1648985
29,263,3,28.6845777,77.1648985
29,263,4,28.6845777,77.1648985
29,263,41,24.567303,80.8283575
29,263,5,28.6845777,77.1648985
29,263,8,24.567303,80.8283575
29,263,81,29.5149227,75.4156175
29,263,82,29.5149227,75.4156175
29,264,227,25.1763768,81.5771493
29,264,228,25.1763768,81.5771493
29,264,229,25.1763768,81.5771493
29,264,230,25.0365058,81.6267618
29,264,232,25.1763768,81.5771493
29,264,233,25.1763768,81.5771493
29,264,234,25.1763768,81.5771493
29,264,236,25.1763768,81.5771493
29,264,237,25.1763768,81.5771493
29,264,238,25.1763768,81.5771493
29,264,239,25.1763768,81.5771493
29,264,240,25.1763768,81.5771493
29,264,241,25.0222419,81.7219151
29,265,115,24.9747253,81.697396
29,265,190,24.9747253,81.697396
29,265,191,24.9747253,81.697396
29,265,192,24.9747253,81.697396
29,265,196,24.9747253,81.697396
29,265,288,30.0255428,74.539336
3,44,153,28.5778313,77.2543516
3,44,154,28.5778313,77.2543516
3,44,317,29.8555235,77.874065
3,49,111,29.1904863,75.751419
3,49,112,29.1904863,75.751419
3,49,113,29.1904863,75.751419
3,49,114,29.2181775,75.7552092
3,49,139,20.9360464,77.7460025
3,49,306,25.1391449,75.7262686
3,49,364,22.5867905,88.30267
3,49,369,22.5842809,88.3050705
3,49,372,29.1466109,75.7267716
3,49,373,29.1466109,75.7267716
3,49,374,29.1466109,75.7267716
3,49,375,29.1466109,75.7267716
3,49,376,29.1466109,75.7267716
3,49,377,29.1466109,75.7267716
3,49,378,29.1466109,75.7267716
30,238,237,14.0028726,75.451399
30,239,212,13.006083,80.2413932
30,239,228,18.9683086,72.8089178
30,240,113,20.9230874,77.7453996
30,240,115,23.8327195,91.2889989
30,240,116,23.8321466,91.288639
30,240,117,23.8321466,91.288639
30,240,118,23.8321466,91.288639
30,240,119,23.8321466,91.288639
30,240,205,23.8307341,91.2958913
30,240,67,16.9759177,79.6415431
30,241,115,23.8291886,91.2762524
30,241,116,23.8295345,91.2816091
30,241,117,23.8295345,91.2816091
30,241,145,25.5738979,84.0023573
30,241,177,19.085775,72.8371471
30,241,183,19.085775,72.8371471
30,241,190,19.085775,72.8371471
30,241,226,17.4192482,78.5108451
30,241,228,17.4183485,78.5104133
30,241,229,11.6124601,79.4888828
30,241,230,11.6124601,79.4888828
30,241,231,11.6124601,79.4888828
30,241,232,17.4183485,78.5104133
30,241,233,20.9095933,77.7081802
30,241,234,20.9095933,77.7081802
30,241,235,20.9095933,77.7081802
30,241,236,20.9095933,77.7081802
30,241,237,20.9095933,77.7081802
30,241,238,20.9095933,77.7081802
30,241,239,20.941215,77.7136509
30,241,240,20.9095933,77.7081802
30,241,241,20.9095933,77.7081802
30,241,242,20.9095933,77.7081802
30,242,207,29.2405026,75.8990271
30,242,208,29.2405026,75.8990271
30,242,213,29.2405026,75.8990271
30,243,188,20.9279811,77.7564505
30,243,189,20.9279811,77.7564505
30,243,289,17.4125367,78.5096731
31,244,306,27.4583673,95.5612029
31,244,308,27.4583673,95.5612029
31,248,105,19.0126324,72.8473324
31,248,107,19.0126324,72.8473324
31,248,267,29.306555,76.3141259
31,249,355,13.0670819,80.1486426
31,250,11,28.6655948,77.1220914
31,250,12,28.6655948,77.1220914
31,250,5,29.3086057,76.3549398
31,250,54,27.1849945,77.4327435
31,250,55,27.1849945,77.4327435
31,250,57,27.1849945,77.4327435
31,250,65,27.1849945,77.4327435
31,250,8,29.3086057,76.3549398
31,250,9,29.3086057,76.3549398
32,251,125,27.2839125,95.3149823
32,251,126,27.2839125,95.3149823
32,251,47,26.2714021,50.2109574
33,223,204,25.82289156409831,78.64641282269119
33,224,134,25.3410698,78.923697
33,224,146,25.4081889,78.9573592
33,224,173,25.2233186,79.0054173
33,224,237,25.1720451,78.9962173
33,224,239,25.1333096,79.0873469
33,224,242,25.1549966,79.0983738
33,224,243,25.1333096,79.0873469
33,224,244,25.1333096,79.0873469
33,224,250,25.1549966,79.0983738
33,224,253,25.3410698,78.923697
33,224,254,25.4175517,78.9010638
33,224,379,25.1549966,79.0983738
33,224,383,25.2339964,79.2836847
33,224,384,25.2339964,79.2836847
33,224,397,25.1131333,79.2120743
33,224,404,25.2234357,79.3061004
33,224,407,25.2313588,79.2919241
33,224,411,28.6771221,76.3439227
33,224,412,25.1826189,79.3323053
33,224,418,25.2193958,79.2992633
33,224,76,25.4163537,78.9309875
33,225,99,25.814327,78.7864023
34,226,104,25.146942,78.2999332
34,226,237,24.9081224,78.1774822
34,226,281,24.7598546,78.8359638
34,226,428,24.7289621,78.1767718
34,226,429,24.7289621,78.1767718
34,227,103,24.605864,78.7787754
34,227,107,24.605864,78.7787754
34,227,108,24.605864,78.7787754
34,227,109,24.605864,78.7787754
34,227,110,24.605864,78.7787754
34,227,111,24.605864,78.7787754
34,227,112,24.605864,78.7787754
34,227,116,24.605864,78.7787754
34,227,142,24.605864,78.7787754
34,227,143,24.605864,78.7787754
34,227,188,24.3959609,78.9898499
34,227,270,12.9841499,77.549696
34,227,278,12.9784499,77.5516108
34,227,279,12.9818891,77.5500839
34,227,30,24.726879,78.8089124
34,227,33,24.7619023,78.8164512
34,227,370,29.4288745,79.1321823
34,227,39,24.7554357,78.8356099
34,227,4,24.8395621,78.7716622
34,227,429,24.3192521,78.2593726
34,227,432,24.341216,78.5252701
34,227,433,24.3192521,78.2593726
34,227,434,24.3192521,78.2593726
34,227,435,24.3106303,78.5228935
34,227,436,24.2644051,78.4593141
34,227,439,24.3192521,78.2593726
34,227,440,24.3192521,78.2593726
34,227,441,24.3176338,78.5248399
34,227,444,24.3192521,78.2593726
34,227,48,24.70192,78.7969172
34,227,61,24.7415685,78.8242916
34,227,62,24.6659338,78.7800558
34,227,63,24.6659338,78.7800558
34,227,71,24.6659338,78.7800558
34,227,8,24.8395621,78.7716622
34,227,9,24.8395621,78.7716622
35,219,111,26.2627417,79.0173567
35,219,112,26.2724972,79.0162969
35,219,114,26.1898509,78.946325
35,219,116,26.2515955,79.0353666
35,219,311,26.1929663,78.9442039
35,219,312,26.1937806,78.9556795
35,219,314,26.2724972,79.0162969
35,219,367,26.1932486,78.9431433
35,219,40,13.1317742,80.1276108
35,219,427,25.9623894,78.9141064
35,219,428,25.9170149,78.8517348
35,219,43,13.1361729,80.1231726
35,219,432,25.9623894,78.9141064
35,220,194,17.0129365,81.807263
35,220,215,14.7275833,77.4769933
35,220,216,14.7275833,77.4769933
35,220,219,14.6734114,77.4644542
35,220,220,14.6734114,77.4644542
35,220,378,26.1612507,91.7546006
35,220,380,26.1603648,91.7501358
35,220,381,26.1603648,91.7501358
35,220,382,26.1603648,91.7501358
35,220,383,26.1603648,91.7501358
35,221,415,25.8334671,72.2478158
37,230,15,23.253104,87.8703787
37,230,156,23.2582651,87.8436684
37,230,42,23.2592986,87.8434558
37,230,44,10.5889524,77.2376043
37,230,8,23.253104,87.8703787
37,231,104,25.0630909,79.4439962
37,231,171,25.2865056,79.334854
37,231,172,25.2865056,79.334854
37,231,174,25.2878965,79.3304677
37,231,175,25.2878965,79.3304677
37,231,176,25.2878965,79.3304677
37,231,177,25.2878965,79.3304677
37,231,179,25.2865056,79.334854
37,231,3,25.257573333333333,79.42237666666666
37,231,34,25.2422477,79.3418031
37,231,35,25.2422477,79.3418031
37,231,36,25.2446478,79.3446194
37,231,38,25.1455795,79.3684219
37,231,41,25.0717942,79.4311463
37,231,42,25.0717942,79.4311463
37,231,43,25.0668216,79.4345499
37,231,44,25.0561102,79.4485642
37,231,45,25.0727595,79.3637574
37,231,46,25.0651294,79.4361945
37,231,47,25.0830523,79.405487
37,231,48,25.0830523,79.405487
37,231,49,25.0830523,79.405487
37,231,50,25.04968553,79.41821273
37,231,51,25.04951363,79.41829622
37,231,53,25.0613123,79.4520556
37,231,56,25.0613123,79.4520556
37,231,62,25.0772759,79.4572021
37,231,66,25.1162623,79.5390668
37,231,67,25.1162623,79.5390668
38,232,12,17.3667631,78.5210624
38,232,188,28.6980479,77.1769468
38,232,189,28.6980479,77.1769468
38,232,190,28.6980479,77.1769468
38,232,191,28.6980479,77.1769468
38,232,192,28.6980479,77.1769468
38,232,197,28.6934982,77.1785973
38,232,200,28.6934982,77.1785973
38,233,273,17.3799056,78.4916216
38,233,275,17.3799056,78.4916216
38,234,101,24.995911666666665,80.33139333333334
38,234,108,25.0449137,80.4847861
38,234,118,30.307266,78.0221302
38,234,119,25.0334606,80.4748985
38,234,120,25.0352211,80.4764761
38,234,121,25.0352211,80.4764761
38,234,122,25.0130861,80.4738002
38,234,123,25.0138389,80.4791605
38,234,124,25.0130861,80.4738002
38,234,125,25.0130861,80.4738002
38,234,126,25.0138389,80.4791605
38,234,127,25.0138389,80.4791605
38,234,128,25.0138389,80.4791605
38,234,129,25.0138389,80.4791605
38,234,130,25.013802,80.4791829
38,234,131,25.013802,80.4791829
38,234,132,25.013802,80.4791829
38,234,133,25.0335313,80.4746715
38,234,134,25.0335313,80.4746715
38,234,153,25.08149705,80.56279044
38,234,155,25.08443154,80.58848697
38,234,276,25.1414234,80.8406042
38,234,278,25.1414234,80.8406042
38,234,280,25.1414234,80.8406042
38,234,281,25.1414234,80.8406042
38,234,282,25.1414234,80.8406042
38,234,47,25.0654278,80.6215413
38,234,6,24.9894564,80.3292997
38,234,99,24.995928333333335,80.33163333333333
38,235,142,25.4033622,80.2806057
38,235,6,29.113238,75.9597101
39,236,122,25.1788124,80.8681015
39,236,284,24.3220066,88.3794756
39,236,288,25.1676364,80.8479461
39,236,289,24.3220066,88.3794756
39,236,307,25.1433102,80.7285329
39,236,310,25.1099718,80.7911642
39,236,311,25.1433102,80.7285329
39,236,312,25.1160918,80.8146186
39,236,313,25.1085176,80.7930497
39,236,314,25.138675,80.834767
39,236,317,25.138675,80.834767
39,236,318,25.1085176,80.7930497
39,236,319,25.1085176,80.7930497
39,236,327,25.1907724,80.8362218
39,236,328,25.1907724,80.8362218
39,236,329,25.1907724,80.8362218
39,236,330,25.1907724,80.8362218
39,236,331,25.1907724,80.8362218
39,236,334,25.1907724,80.8362218
39,236,337,25.1796551,80.8701225
39,236,338,25.1796551,80.8701225
39,236,339,25.1907724,80.8362218
39,237,128,25.1748312,81.5097509
39,237,129,25.1772803,81.5203836
39,237,130,25.1748312,81.5097509
39,237,131,25.1830573,81.5313576
39,237,156,25.1355122,81.3452698
39,237,161,25.1355122,81.3452698
39,237,243,24.9351989,81.0556745
39,237,296,25.0947222,80.8461095
39,237,300,25.0947222,80.8461095
39,237,302,24.9583856,80.7994551
39,237,304,24.9583856,80.7994551
39,237,306,24.9583856,80.7994551
39,237,307,24.9583856,80.7994551
39,237,308,24.9583856,80.7994551
39,237,309,24.9583856,80.7994551
39,237,310,24.9583856,80.7994551
39,237,311,24.9583856,80.7994551
39,237,314,24.9583856,80.7994551
39,237,315,24.9583856,80.7994551
4,53,197,28.7122681,77.2972147
4,53,198,28.7122688,77.2972147
4,53,199,28.7122687,77.2972148
4,53,200,28.7122708,77.2972152
4,53,201,28.7122708,77.2972152
4,53,202,28.7122694,77.2972182
4,53,203,28.7067269,77.2931308
4,53,204,28.7071534,77.293849
4,53,205,28.7071534,77.293849
4,53,206,28.7071534,77.293849
4,53,207,28.7088762,77.3006711
4,53,208,28.7088762,77.3006711
4,53,209,28.7088762,77.3006711
4,53,210,28.7088762,77.3006711
4,53,211,28.7131589,77.2967215
4,53,222,28.7155084,77.3052706
4,53,223,28.7155077,77.3052692
4,53,224,28.7155089,77.3052719
4,53,225,28.7155077,77.3052692
4,53,226,26.4555404,90.5187511
4,53,227,26.4555404,90.5187511
4,53,229,26.4555404,90.5187511
4,53,260,28.736504,77.2715439
4,53,261,28.736504,77.2715439
4,53,263,28.736504,77.2715439
4,53,264,28.736504,77.2715439
4,53,267,28.736504,77.2715439
4,53,268,28.736504,77.2715439
4,53,45,28.7332035,77.2734361
4,55,30,28.6966273,77.3212009
4,55,612,28.6454888,77.2283309
4,57,227,17.3306588,78.5297652
4,57,228,17.3306588,78.5297652
4,57,232,17.3306588,78.5297652
4,57,26,27.2633602,77.4955157
4,57,27,27.2633602,77.4955157
40,386,234,28.9158998,76.465582
40,386,308,26.9710815,75.7658401
40,386,309,26.9710815,75.7658401
40,386,310,26.9710815,75.7658401
40,386,311,26.9710815,75.7658401
40,388,302,21.92000007629394,82.77999877929686
40,388,303,21.92000007629394,82.77999877929686
40,388,304,21.92000007629394,82.77999877929686
40,388,305,21.92000007629394,82.77999877929686
40,388,311,21.92000007629394,82.77999877929686
40,388,312,21.92000007629394,82.77999877929686
40,388,313,21.92000007629394,82.77999877929686
40,388,314,21.92000007629394,82.77999877929686
40,388,315,21.92000007629394,82.77999877929686
40,388,316,21.92000007629394,82.77999877929686
40,388,327,21.92000007629394,82.77999877929686
40,388,328,21.92000007629394,82.77999877929686
40,388,329,21.92000007629394,82.77999877929686
40,388,330,21.92000007629394,82.77999877929686
40,388,331,21.92000007629394,82.77999877929686
40,388,332,21.92000007629394,82.77999877929686
40,388,333,21.92000007629394,82.77999877929686
40,389,72,19.2205595,72.8589156
40,389,73,19.2205595,72.8589156
41,364,205,19.2570988,72.8712625
41,364,40,28.6661695,77.1396416
41,364,45,26.2902732,73.0176563
41,364,58,28.6661695,77.1396416
41,365,240,19.8919332,75.3625432
41,366,177,26.2940741,73.0335108
41,366,178,26.2937853,73.0328478
41,366,180,26.2940741,73.0335108
41,366,192,30.3758988,76.7627959
41,366,224,28.6687341,76.7696153
41,366,227,28.6687341,76.7696153
41,366,229,28.6687341,76.7696153
41,366,230,28.6687341,76.7696153
41,366,231,28.6687341,76.7696153
41,366,291,22.7622262,88.37962
41,366,294,22.7622262,88.37962
41,366,295,22.7613455,88.3800889
41,366,296,22.7617858,88.3798544
41,366,302,30.3758988,76.7627959
41,366,303,30.3758988,76.7627959
41,366,304,30.3758988,76.7627959
41,366,306,30.3758988,76.7627959
41,366,307,30.3758988,76.7627959
41,366,312,22.7678759,88.3856527
41,366,313,22.7666385,88.3872465
41,366,314,22.7666385,88.3872465
41,366,315,22.7666385,88.3872465
41,366,325,22.5663325,88.3425651
41,366,326,22.5663325,88.3425651
41,366,327,22.5663325,88.3425651
41,366,328,30.3818994,76.7768888
41,366,329,22.5670452,88.3412684
41,366,336,22.5674485,88.3415337
41,366,337,22.5676502,88.3416664
41,366,338,22.5676502,88.3416664
41,366,339,22.5676502,88.3416664
41,366,340,30.3818994,76.7768888
41,366,341,30.3818994,76.7768888
41,366,342,30.3798992,76.7721912
41,366,348,22.7573229,88.3758553
41,366,50,30.9287351,75.8434342
41,371,330,26.9920849,76.9963279
42,373,155,13.0436646,80.244826
42,373,156,13.0436646,80.244826
42,373,157,13.0436646,80.244826
42,373,158,13.0436646,80.244826
42,373,216,19.4564509,72.8134577
42,373,375,13.0436646,80.244826
42,373,379,13.0436646,80.244826
42,373,380,13.0436646,80.244826
42,373,381,13.0436646,80.244826
42,374,137,13.0321264,77.569646
42,374,153,11.0018006,-74.8013112
42,374,159,16.3873201,74.386332
42,374,177,11.0018006,-74.8013112
42,374,256,29.9229757,78.1125694
42,374,279,29.9229757,78.1125694
42,374,280,29.9229757,78.1125694
42,374,281,29.9229757,78.1125694
42,374,3,11.0018006,-74.8013112
42,374,307,13.0321264,77.569646
42,376,286,21.9045645,77.8830901
42,377,131,21.9027342,77.8981891
42,377,133,21.9027342,77.8981891
42,377,135,21.9027342,77.8981891
42,377,136,21.9027342,77.8981891
42,377,143,21.9076972,77.900596
42,377,199,21.9027342,77.8981891
42,377,200,21.9027342,77.8981891
42,378,281,25.5443111,83.9256269
42,378,282,25.5222733,83.9186761
42,378,293,25.503676,83.8832322
42,378,294,25.503676,83.8832322
42,378,296,25.5101043,83.8735535
42,379,137,25.3182627,83.6499108
42,379,168,25.3178919,83.6498275
42,379,239,25.3855853,83.6970746
42,379,241,25.3855853,83.6970746
42,379,242,25.3855853,83.6970746
42,379,281,25.5521115,83.9144965
42,379,328,25.46611954588211,83.84529901264487
42,379,329,25.4729129,83.8572799
42,379,331,25.4082753,83.8064467
42,379,333,25.4345727,83.83542
42,379,334,25.4373123,83.8184532
42,379,337,25.4373123,83.8184532
42,379,338,25.4373123,83.8184532
42,379,339,25.4373123,83.8184532
42,379,377,25.3929443,83.7806195
42,379,378,25.3927488,83.7806202
42,379,379,25.4084131,83.8062998
42,379,380,25.4084131,83.8062998
43,381,101,24.8311578,92.7945218
43,381,102,24.8266178,92.7812536
43,381,103,24.8305641,92.79476
43,381,104,24.8305641,92.79476
43,381,105,24.8305641,92.79476
43,381,106,24.8305641,92.79476
43,381,107,24.8305641,92.79476
43,381,108,24.8266178,92.7812536
43,381,109,24.8305641,92.79476
43,381,110,24.8305641,92.79476
43,381,95,24.8264474,92.7808234
43,381,96,24.8264474,92.7808234
43,381,97,24.8264474,92.7808234
43,382,253,25.2598132,83.4830346
43,382,260,25.2366458,83.448515
43,382,308,25.246041666666663,83.40826166666666
43,383,137,25.0535179,83.3403344
43,383,15,25.0761513,83.33960697
43,383,313,25.043565888353424,83.32576853586421
43,383,42,25.1808491,83.3399878
43,383,66,25.1808491,83.3399878
43,383,67,25.1808491,83.3399878
43,383,68,25.1808491,83.3399878
44,395,252,24.5600277,82.3229122
44,395,259,24.5600277,82.3229122
45,400,208,24.5395254,82.7086662
45,403,219,10.006329,76.2840151
45,403,220,10.006329,76.2840151
45,403,229,20.314766,85.8229389
45,403,285,24.2655589,83.4171568
45,403,287,24.2607406,83.399803
47,345,65,30.9975351,75.2858652
47,345,66,30.9975351,75.2858652
47,345,67,30.9975351,75.2858652
47,345,68,30.9975351,75.2858652
47,345,69,30.9975351,75.2858652
47,345,70,30.9975351,75.2858652
47,345,71,30.9975351,75.2858652
47,345,72,30.9975351,75.2858652
47,345,80,30.9975351,75.2858652
47,348,221,25.5900939,85.1334639
47,349,256,22.4429248,72.1335676
47,349,257,22.4429248,72.1335676
47,349,265,22.4429248,72.1335676
47,349,266,22.4429248,72.1335676
47,349,268,22.4429248,72.1335676
48,354,346,30.3021826,77.0877256
48,354,347,30.3021826,77.0877256
48,354,348,30.3021826,77.0877256
48,354,349,30.3021826,77.0877256
48,354,350,30.3021826,77.0877256
48,354,351,30.3021826,77.0877256
49,358,277,28.5778313,77.2543516
49,360,165,25.6831565,84.1405341
49,360,166,25.6831565,84.1405341
49,360,291,25.5880397,83.9769883
49,360,292,25.5880397,83.9769883
49,360,293,25.5880397,83.9769883
49,360,294,25.5880397,83.9769883
49,360,3,25.5512489,83.983098
49,360,308,25.5687591,83.9488204
49,360,321,25.633910749201196,84.0699638855064
49,360,72,28.4691287,77.3096469
49,361,252,26.7921012,84.4904009
49,361,253,26.7921012,84.4904009
49,362,282,11.8702398,79.652029
49,363,147,25.645855,84.440405
49,363,148,25.645855,84.440405
49,363,149,25.645855,84.440405
49,363,150,25.645855,84.440405
49,363,151,25.645855,84.440405
49,363,300,25.8173356,84.5920653
49,363,314,25.767803333333337,84.60312333333334
49,363,315,25.767803333333337,84.60312333333334
49,363,316,25.767516666666666,84.60309666666666
49,363,317,25.767516666666666,84.60309666666666
5,64,124,30.4021521,77.1780833
5,65,23,28.6190208,77.2598976
5,65,85,28.6190208,77.2598976
5,66,237,30.5831315,74.8290453
5,66,238,30.5831315,74.8290453
5,66,239,30.5831315,74.8290453
5,66,240,30.5831315,74.8290453
5,66,241,30.5831315,74.8290453
5,66,242,30.5831315,74.8290453
5,66,243,30.5831315,74.8290453
5,66,244,30.5831315,74.8290453
5,66,245,30.5831315,74.8290453
5,66,246,30.5825505,74.8268191
5,66,247,30.5831315,74.8290453
5,66,248,30.5831315,74.8290453
5,66,249,30.5825505,74.8268191
5,66,315,29.303970336914063,76.28219604492188
5,66,316,29.303970336914063,76.28219604492188
5,66,317,29.303970336914063,76.28219604492188
5,66,318,29.303970336914063,76.28219604492188
5,66,319,29.303970336914063,76.28219604492188
5,66,320,29.303970336914063,76.28219604492188
5,66,321,29.303970336914063,76.28219604492188
5,66,322,29.303970336914063,76.28219604492188
5,66,323,29.303970336914063,76.28219604492188
5,66,324,29.303970336914063,76.28219604492188
50,320,155,12.0510561,78.3479559
50,320,156,12.0510561,78.3479559
50,320,161,12.0510561,78.3479559
50,320,162,12.0510561,78.3479559
50,320,163,12.0510561,78.3479559
50,320,164,12.0510561,78.3479559
50,320,165,12.0510561,78.3479559
50,320,166,12.0510561,78.3479559
50,320,167,12.0510561,78.3479559
50,320,233,12.0510561,78.3479559
50,320,77,12.0475399,78.3724317
50,323,209,26.1472712,87.4575653
50,323,223,29.3394404,76.9840363
50,323,224,29.3402947,76.982749
50,323,225,29.3402947,76.982749
50,323,226,29.3394404,76.9840363
50,323,230,29.3394404,76.9840363
50,323,234,23.2502686,72.6811676
50,324,125,27.592945,75.1695045
50,324,127,27.592945,75.1695045
50,324,313,26.2904021,90.830063
50,324,314,26.2904021,90.830063
50,324,315,26.2904021,90.830063
50,324,316,26.2904021,90.830063
50,324,317,26.2904021,90.830063
50,324,318,26.2904021,90.830063
50,324,321,26.2904021,90.830063
50,325,367,28.7103932,77.2208434
50,327,142,26.2824095,90.8296704
50,327,143,26.2824095,90.8296704
50,327,144,26.2824095,90.8296704
50,327,145,26.2824095,90.8296704
50,327,146,26.2824095,90.8296704
50,327,148,26.2824095,90.8296704
50,327,149,26.2824095,90.8296704
50,327,163,26.2903198,90.8301143
50,327,167,26.2903198,90.8301143
50,327,169,26.2824095,90.8296704
50,327,170,26.2824095,90.8296704
50,327,177,26.2824095,90.8296704
50,327,178,26.2824095,90.8296704
50,327,225,25.6009497,83.9941002
51,318,18,28.656517,77.2291187
51,318,26,28.6565533,77.2291334
51,318,28,28.6565533,77.2291334
51,318,35,27.6060037,83.9642599
51,318,36,27.6060037,83.9642599
52,338,120,26.9517374,75.7013738
52,338,317,26.506735,83.9557382
52,338,318,26.506735,83.9557382
52,338,319,26.506735,83.9557382
52,338,320,26.506735,83.9557382
52,338,354,26.5330801,84.0431664
52,338,359,26.5330801,84.0431664
52,338,361,26.5328116,84.0632631
52,338,362,26.5328116,84.0632631
52,338,363,26.5328116,84.0632631
52,338,364,26.1362302,84.3169796
52,339,123,26.5226615,83.9329079
52,339,124,26.5226615,83.9329079
52,339,128,26.51855636001036,83.90772136040275
52,339,129,26.518189950731102,83.90759157154363
52,339,202,26.4915069,83.9088228
52,339,206,26.467804,83.9097333
52,339,207,26.4663911,83.9301207
52,339,276,26.437602,83.9626848
52,340,10,26.5022437,83.9537533
52,340,11,26.5022437,83.9537533
52,340,13,26.4522172,83.9782292
52,340,2,26.4522172,83.9782292
52,340,200,26.231523990038205,84.08097618070497
52,340,25,26.4522172,83.9782292
52,340,3,26.4522172,83.9782292
52,340,338,26.251443333333334,84.15773833333333
52,340,344,26.298053333333336,84.17388666666666
52,340,4,26.4522172,83.9782292
52,340,5,26.5022437,83.9537533
52,340,7,26.4522172,83.9782292
52,340,9,26.4522172,83.9782292
52,341,208,26.2218806,84.0305808
52,341,209,26.2218806,84.0305808
52,341,351,26.4505424,84.0724371
52,341,354,26.171026,84.0139331
52,341,355,26.171026,84.0139331
52,341,359,26.171026,84.0139331
52,342,176,22.7027486,72.918714
52,342,345,17.2115547,81.5543043
53,329,60,27.1862957,84.0162466
53,329,61,27.1862957,84.0162466
53,329,62,27.1862957,84.0162466
53,329,63,27.1862957,84.0162466
53,329,67,27.1427149,83.9547034
53,329,68,27.1427149,83.9547034
53,330,21,27.0552248,84.0102792
53,331,138,28.9760163,79.3950579
53,331,139,28.9760163,79.3950579
53,331,140,28.9760163,79.3950579
53,331,141,28.9760163,79.3950579
53,331,142,28.9760163,79.3950579
53,331,143,28.9760163,79.3950579
53,331,171,26.6313962,84.1273475
53,331,172,26.6344128,84.1448252
53,331,174,26.6344128,84.1448252
53,331,175,26.6344128,84.1448252
53,331,178,26.6332209,84.1450056
53,331,184,26.6126467,84.159144
53,331,187,26.6061838,84.1580345
53,331,188,26.6216922,84.1719325
53,331,325,26.609058333333337,84.29606
53,331,326,26.612055,84.301015
53,331,356,26.5840395,84.3015968
53,331,357,26.5931016,84.3046107
53,331,358,26.5931016,84.3046107
53,331,359,26.5931016,84.3046107
53,331,360,26.5931016,84.3046107
53,332,14,26.85767,84.1365381
53,332,15,26.8513322,84.157669
53,332,26,26.8513322,84.157669
53,332,371,26.5957164,84.0805683
53,332,374,26.5886277,84.0958024
53,332,377,26.5765913,84.0634683
53,332,7,26.8920607,84.1449464
53,332,8,26.8920607,84.1449464
53,332,83,28.9760163,79.3950579
53,332,88,28.9760163,79.3950579
53,332,89,28.9760163,79.3950579
53,332,9,26.8920607,84.1449464
53,332,90,28.9760163,79.3950579
53,332,91,28.9760163,79.3950579
53,332,92,28.9760163,79.3950579
53,334,133,12.4462653,78.586037
53,334,134,12.4462653,78.586037
53,334,136,12.4462653,78.586037
53,334,137,12.4462653,78.586037
53,334,139,30.1314236,77.3679596
53,334,140,30.1314236,77.3679596
53,334,141,30.1314236,77.3679596
53,334,142,30.1314236,77.3679596
53,334,145,10.3817143,77.9792296
53,334,147,30.1314236,77.3679596
53,334,155,30.1314236,77.3679596
53,334,156,30.1314236,77.3679596
53,334,157,30.1314236,77.3679596
53,334,158,30.1314236,77.3679596
53,334,159,30.1314236,77.3679596
53,334,160,30.1314236,77.3679596
53,334,161,26.1322723,85.8978847
53,334,185,30.1314236,77.3679596
53,334,186,30.1314236,77.3679596
53,334,187,30.1314236,77.3679596
53,334,39,10.9895085,78.0603542
53,334,74,10.9895085,78.0603542
53,334,93,10.9895085,78.0603542
53,334,98,10.9895085,78.0603542
53,335,280,25.9455407,91.1671186
53,335,281,25.9455407,91.1671186
54,309,46,26.4841555,90.5539474
54,309,47,26.4841555,90.5539474
54,309,49,26.4841555,90.5539474
54,309,50,26.4841555,90.5539474
54,309,51,26.4841555,90.5539474
54,310,340,28.5468925,77.1245102
55,302,106,27.4991661,82.7921228
55,302,108,27.4991661,82.7921228
55,302,109,27.4991661,82.7921228
55,302,170,20.3269586,85.8402388
55,302,20,22.9807334,72.4941457
55,302,25,22.9648143,72.4808169
55,302,30,20.3180933,85.8216836
55,302,300,17.3754619,78.4187339
55,302,310,17.3754619,78.4187339
55,302,311,17.3754619,78.4187339
55,302,312,20.3220977,85.8392751
55,302,43,22.9648143,72.4808169
55,302,50,10.8567173,77.912381
55,302,59,22.9648143,72.4808169
55,302,71,10.8567173,77.912381
55,302,73,10.8567173,77.912381
55,302,84,24.7047676,93.941723
55,302,88,22.9807334,72.4941457
55,303,102,29.8920375,76.6498776
55,303,103,29.8920375,76.6498776
55,303,128,26.4764209,90.5105237
55,303,129,26.4764209,90.5105237
55,303,13,26.4808921,90.5128119
55,303,233,20.3540562,85.8214963
55,303,234,20.3540562,85.8214963
55,303,31,26.4808921,90.5128119
55,303,32,26.4808921,90.5128119
55,303,325,12.265585,79.6769073
55,303,35,26.4808921,90.5128119
55,303,36,26.4808921,90.5128119
55,303,372,20.3210768,85.8189892
55,303,373,20.3202087,85.818332
55,303,375,11.4549279,77.4351325
55,303,384,29.1532114,78.9445054
55,303,385,11.4549279,77.4351325
55,304,181,29.8797577,77.9023981
55,304,186,23.0068479,72.4951209
55,304,190,23.0068479,72.4951209
55,305,190,24.6314242,46.6962331
55,305,191,24.6314242,46.6962331
55,305,203,17.3755221,78.4196151
55,306,100,20.3316296,85.8271793
55,306,123,20.3316296,85.8271793
55,306,20,23.004142,72.5028378
55,306,21,23.004142,72.5028378
55,306,22,23.0009644,72.5010634
55,306,23,23.004142,72.5028378
55,306,345,22.9918762,72.4953556
55,306,346,24.6514742,93.9758252
55,306,347,20.3007847,85.846822
55,306,348,20.3102862,85.8595164
55,306,349,20.3007847,85.846822
55,306,350,20.3102862,85.8595164
55,306,351,20.3102862,85.8595164
55,306,352,20.3102862,85.8595164
55,306,353,24.6541065,93.9727634
55,306,37,11.9374309,79.8210035
55,306,38,11.9374309,79.8210035
55,306,39,23.004142,72.5028378
55,306,48,20.3316296,85.8271793
55,306,49,20.3329768,85.8212351
55,306,72,30.0259558,76.2819663
55,306,73,20.3329768,85.8212351
55,306,74,20.3329768,85.8212351
55,306,75,30.0259558,76.2819663
55,306,80,11.5232964,77.3613791
55,306,85,11.9374309,79.8210035
55,306,86,26.4772794,90.5531624
55,306,87,26.4772794,90.5531624
55,306,88,26.4772794,90.5531624
55,306,89,26.4772794,90.5531624
55,306,96,20.3316296,85.8271793
55,306,97,20.3316296,85.8271793
56,312,11,20.3253207,85.8059523
56,312,12,20.3253207,85.8059523
56,312,13,20.3253207,85.8059523
56,312,14,20.3253207,85.8059523
56,312,416,11.297828,78.2115194
56,312,417,11.297828,78.2115194
56,312,418,11.297828,78.2115194
56,312,424,11.297828,78.2115194
56,312,425,11.297828,78.2115194
56,312,426,11.297828,78.2115194
57,168,363,16.7069877,74.2283466
57,168,364,16.7069877,74.2283466
57,169,188,10.9258287,79.3973306
57,171,20,28.615002,77.1767345
57,171,36,28.6018444,77.1778128
57,171,70,19.2033924,72.846758
57,172,124,26.1169423,90.4469905
57,174,37,16.7201729,74.2288076
57,174,38,16.7201729,74.2288076
57,174,39,16.7201729,74.2288076
57,174,41,17.9481271,78.949456
57,174,43,17.9481271,78.949456
57,176,10,17.4326154,78.5087662
57,176,211,19.0568109,72.9027084
58,162,324,13.1807817,80.312413
58,166,2,29.3546125,76.9732498
58,166,20,24.6711032,94.0432734
58,166,3,29.3546125,76.9732498
58,167,139,12.9691053,79.2901049
58,167,147,12.9691053,79.2901049
58,167,51,30.1171041,74.7830079
58,167,55,30.1171041,74.7830079
58,167,56,30.1171041,74.7830079
58,167,67,15.8746847,77.6223177
58,167,71,30.1171041,74.7830079
58,167,72,30.1171041,74.7830079
58,167,73,15.8746847,77.6223177
59,177,11,30.282902,74.769463
59,177,13,30.282902,74.769463
59,177,204,28.6599877,77.209745
59,177,205,28.6599877,77.209745
59,177,206,28.6599877,77.209745
59,177,213,29.619808,76.0895468
59,177,267,29.618478,76.0888935
59,177,6,30.282902,74.769463
59,179,100,29.7781198,77.9849961
59,179,25,26.8820611,73.875483
59,179,26,29.7781198,77.9849961
59,179,27,26.8820611,73.875483
59,179,28,26.8820611,73.875483
59,179,32,29.7616868,77.9754381
59,179,37,29.7616868,77.9754381
59,179,38,29.7616868,77.9754381
59,179,39,29.7563169,77.9836172
59,179,40,29.7616868,77.9754381
59,179,72,29.7563169,77.9836172
59,179,73,29.7563169,77.9836172
59,179,75,29.7563169,77.9836172
59,179,76,29.7563169,77.9836172
59,179,94,29.7563169,77.9836172
59,182,316,20.8828648,85.8301788
59,183,196,29.8520284,77.8749551
59,183,197,29.8520284,77.8749551
59,183,221,29.8520284,77.8749551
59,183,222,29.8520284,77.8749551
59,183,223,29.8520284,77.8749551
59,183,224,29.8520284,77.8749551
59,183,225,29.8520284,77.8749551
59,183,227,29.8520284,77.8749551
6,61,412,28.5011658,77.1708063
6,61,413,28.5011658,77.1708063
6,61,414,28.5011658,77.1708063
6,61,415,28.5011658,77.1708063
6,61,416,28.5011658,77.1708063
6,63,5,28.5893411,77.2598498
60,145,10,29.0712969,79.5166564
60,145,11,29.0712969,79.5166564
60,145,12,29.0712969,79.5166564
60,145,2,29.0712969,79.5166564
60,145,252,22.4263237,70.0416015
60,145,253,22.4263237,70.0416015
60,145,5,29.0712969,79.5166564
60,145,7,29.0712969,79.5166564
60,148,258,28.8359829,77.0948852
60,148,261,28.834764,77.1066206
60,148,262,28.834764,77.1066206
60,148,276,28.8331834,77.0940507
60,148,277,28.8331834,77.0940507
60,149,15,20.267644,85.8358199
60,149,254,27.368574,95.2380175
60,149,256,27.368574,95.2380175
60,149,273,19.5427951,82.9303292
60,149,274,19.5427951,82.9303292
60,150,166,16.7946752,81.7471107
60,150,168,16.7946752,81.7471107
60,150,175,16.7946752,81.7471107
60,150,19,27.2661444,95.3203753
60,151,124,29.1527778,79.1541431
60,152,80,24.2370865,87.8206028
60,152,81,24.2370865,87.8206028
60,153,166,24.7599882,84.9887797
61,155,120,26.5255426,94.6718662
61,155,282,26.5255426,94.6718662
61,157,281,28.5654365,77.198023
61,159,239,27.19702495430573,74.58116141545851
62,137,1,30.3508648,77.8648536
62,137,221,17.7372094,78.8604577
62,138,234,26.4427889,74.5919295
62,138,262,26.4358221,74.5729774
62,138,263,26.4427889,74.5919295
62,138,265,26.4427889,74.5919295
62,138,266,26.4427889,74.5919295
62,138,4,26.2857993,90.8447579
62,144,147,28.6585544,77.0987424
62,144,150,28.6585544,77.0987424
63,299,288,12.3869235,79.3665803
63,299,292,12.3869235,79.3665803
63,299,67,16.2991683,80.4547401
63,300,196,12.8828424,74.8644334
63,300,197,12.8828424,74.8644334
63,300,198,12.8828424,74.8644334
63,300,199,12.8813021,74.8652965
64,282,157,28.3636094,81.7004183
64,282,169,28.1897598,81.398304
64,282,206,28.3636094,81.7004183
64,284,53,28.8429788,77.0879996
64,284,83,26.5053598,90.5202035
64,284,84,26.5053598,90.5202035
64,284,85,26.5053598,90.5202035
64,284,87,26.5053598,90.5202035
64,284,88,26.5053598,90.5202035
64,284,89,26.5053598,90.5202035
64,284,90,26.5053598,90.5202035
64,285,10,28.8360468,77.1071499
64,285,11,28.8360468,77.1071499
64,285,12,28.8360468,77.1071499
64,285,63,28.8360468,77.1071499
64,285,8,28.8360468,77.1071499
64,285,9,28.8360468,77.1071499
64,287,5,25.6092028,85.1165774
64,288,251,19.861571,75.2884092
66,290,222,30.3049141,78.079825
66,290,312,28.1333727,82.2954081
66,290,314,28.1333727,82.2954081
66,290,327,28.1333727,82.2954081
67,275,218,19.2362058,72.8599243
67,275,240,26.2710747,73.8598035
67,275,241,26.2710747,73.8598035
67,275,243,28.1800556,76.0893394
67,276,28,27.8399507,76.1469164
69,266,101,28.6250561,77.2154775
69,266,102,28.618544,77.2183409
69,266,103,28.618544,77.2183409
69,266,75,28.6250561,77.2154775
69,268,9,28.7225815,77.1553614
69,269,168,25.2470442,86.9314625
69,269,169,25.2470442,86.9314625
69,269,170,25.2470442,86.9314625
69,269,171,25.2470442,86.9314625
69,269,172,25.2470442,86.9314625
69,269,173,25.2470442,86.9314625
69,269,174,25.2449528,86.9271619
69,269,175,25.2470442,86.9314625
69,269,176,25.2470442,86.9314625
69,269,177,25.2470442,86.9314625
69,269,178,25.2470442,86.9314625
69,269,199,25.2441953,86.9181611
69,270,117,25.569745,91.9001215
69,270,118,25.5375053,91.8963852
69,270,119,25.5375053,91.8963852
69,270,122,25.5375053,91.8963852
69,270,153,25.5375053,91.8963852
69,270,173,25.5398695,91.914036
69,270,174,25.5398695,91.914036
69,270,193,25.5398695,91.914036
69,270,194,25.5398695,91.914036
69,270,195,25.5514155,91.9204298
69,271,77,17.3935406,78.4956118
69,271,78,17.3935406,78.4956118
69,271,79,17.3935406,78.4956118
69,271,80,17.3935406,78.4956118
69,271,81,17.3935406,78.4956118
69,271,82,17.1073862,79.4723812
69,271,83,17.1073862,79.4723812
69,272,105,28.6693245,77.2342466
69,272,107,28.6566691,77.2372592
69,272,108,28.6625882,77.2104917
69,272,112,28.6656203,77.2322483
69,272,117,28.6566691,77.2372592
69,272,121,28.6566691,77.2372592
69,272,122,28.6566691,77.2372592
69,272,129,28.6566691,77.2372592
69,272,133,28.6567799,77.2371179
69,272,134,11.5322958,77.8877316
69,272,135,28.6622762,77.2104068
69,272,138,28.6626348,77.2105848
69,272,142,28.6626348,77.2105848
69,272,143,11.5322958,77.8877316
69,272,145,28.6566691,77.2372592
69,272,152,28.6625882,77.2104917
69,272,157,28.6699219,77.2345283
69,272,159,28.6625882,77.2104917
69,272,161,25.2488685,86.9519531
69,272,162,25.2488685,86.9519531
69,272,163,25.2488685,86.9519531
69,272,166,25.2488685,86.9519531
69,272,167,28.6699219,77.2345283
69,272,168,28.6699219,77.2345283
69,272,169,28.6693245,77.2342466
69,272,170,28.6693245,77.2342466
69,272,171,28.6693245,77.2342466
69,272,181,28.6625882,77.2104917
69,272,182,28.6625882,77.2104917
69,272,183,28.6625882,77.2104917
69,272,184,28.6611842,77.2117096
69,272,185,28.6611842,77.2117096
69,272,194,28.6626348,77.2105848
69,272,196,28.6626348,77.2105848
69,272,198,28.6626348,77.2105848
69,272,199,28.6618232,77.2099982
69,272,200,28.660725,77.2100604
69,272,203,28.6611842,77.2117096
69,272,207,25.2477895,86.9347969
69,272,209,25.2454173,86.9266547
69,272,210,25.2454173,86.9266547
69,272,214,28.66099,77.2120998
69,272,81,28.6613772,77.2326772
69,272,85,28.6613772,77.2326772
69,272,96,28.6693245,77.2342466
69,272,97,28.6693245,77.2342466
7,50,39,29.1612096,77.08001
7,50,40,29.1612096,77.08001
70,278,256,25.6141805,85.1305472
70,280,163,30.1013821,78.2957679
70,280,164,30.1013821,78.2957679
70,280,165,30.1013821,78.2957679
70,280,166,30.1013821,78.2957679
70,280,167,30.1013821,78.2957679
70,280,169,30.1013821,78.2957679
70,280,171,30.1013821,78.2957679
70,280,173,30.1013821,78.2957679
70,280,174,30.1013821,78.2957679
70,280,178,30.1013821,78.2957679
70,280,179,30.1013821,78.2957679
70,280,180,30.1013821,78.2957679
70,280,181,30.1013821,78.2957679
70,280,184,30.1013821,78.2957679
70,280,186,30.1013821,78.2957679
70,280,187,30.1013821,78.2957679
70,280,188,30.1013821,78.2957679
70,280,191,30.1013821,78.2957679
70,280,192,30.1013821,78.2957679
70,280,194,30.1013821,78.2957679
70,280,199,30.1013821,78.2957679
70,280,200,30.1013821,78.2957679
70,280,201,30.1013821,78.2957679
72,178,7,29.6147763,76.0916388
72,185,40,25.8978199,75.1199096
72,185,41,25.8978199,75.1199096
72,185,42,25.8978199,75.1199096
72,186,259,29.3068838,76.3142928
72,186,260,29.3068838,76.3142928
73,58,136,28.4959786,77.1685438
73,58,217,28.4959795,77.1685439
73,58,224,28.4959791,77.1685437
73,58,225,28.4959789,77.1685437
73,58,226,28.4959784,77.1685438
74,10,201,29.73323400132358,78.03300336934626
74,10,64,28.9942507,77.0355946
74,8,10,29.8619617,77.8790273
74,8,11,29.8619617,77.8790273
74,8,12,29.8619617,77.8790273
74,8,13,29.8619617,77.8790273
74,8,14,29.8619617,77.8790273
74,8,34,28.684911,77.2971322
74,8,4,29.8619617,77.8790273
74,8,6,29.8619617,77.8790273
74,8,7,29.8619617,77.8790273
74,8,8,29.8619617,77.8790273
74,8,9,29.8619617,77.8790273
75,31,89,27.3657874,75.5407643
8,86,107,13.0493883,80.2761246
8,86,76,27.0138677,86.1669307
8,90,94,26.1792083,91.7681198
8,91,105,27.0374025,77.6774101
8,91,150,27.2048036,77.6512555
8,91,152,27.2048036,77.6512555
8,91,246,26.6388127,92.8047464
8,91,3,27.1608326,77.5686585
8,91,325,26.643156,92.793428
8,91,326,26.6388127,92.8047464
8,91,327,26.6428328,92.7970467
8,91,328,26.643156,92.793428
8,91,329,26.643156,92.793428
8,91,330,26.6543121,92.7972481
8,91,34,26.9835711,77.6195853
8,91,5,27.0337631,77.5586012
8,91,74,27.1461288,77.5912696
8,91,76,27.1461288,77.5912696
8,91,85,27.1772488,77.6158431
8,93,168,26.9220965,78.1643276
8,93,169,26.9327592,78.213824
8,93,187,17.4468831,78.3201269
8,93,205,25.8826528,78.3217879
8,93,228,25.8706991,78.3048816
8,93,72,17.3520371,78.4660235
8,93,73,17.3547881,78.4682777
8,93,74,17.3547881,78.4682777
8,93,82,17.3608985,78.4677566
8,93,83,17.3608985,78.4677566
8,93,84,17.3571345,78.4661028
8,93,88,17.3608985,78.4677566
8,93,90,17.3520371,78.4660235
9,72,23,13.0158631,77.6201913
9,74,206,26.4645778,92.9266785
9,75,227,30.1960236,74.5006446
9,75,240,12.9307014,80.2383956
9,75,241,12.9307014,80.2383956
9,76,150,26.1269005,87.457324
9,76,151,26.1269005,87.457324
9,76,156,26.1269005,87.457324
9,76,157,26.1269005,87.457324
9,76,287,12.9307014,80.2383956
9,76,289,12.9307014,80.2383956
9,77,26,18.5375625,73.9341432
